counter,treatment,plant.no,farm,branch.code,total.berries,berry.no,mass,brix,big.seeds,med.seeds,lil.seeds
MM,D,363,Hort,NA,10,1,1.9673,11,34,40,6
MM,D,363,Hort,NA,10,2,2.0502,11,46,36,6
MM,D,363,Hort,NA,10,3,1.8139,10.5,35,46,6
MM,D,363,Hort,NA,10,4,2.1972,9,51,51,7
MM,D,363,Hort,NA,9,5,1.3333,10,39,46,6
MM,D,129,Hort,NA,3,1,0.9321,12,0,0,67
MM,D,129,Hort,NA,4,2,1.6011,12,28,28,8
MM,D,129,Hort,NA,4,3,1.7595,12,22,42,9
MM,D,129,Hort,NA,3,4,1.9052,14,20,37,6
MM,D,129,Hort,NA,1,5,0.8899,12,1,17,8
MM,D,130,Hort,NA,3,1,1.3784,14,15,49,15
MM,D,130,Hort,NA,3,2,1.8891,14,23,50,9
MM,D,130,Hort,NA,6,3,1.681,11,37,62,8
MM,D,130,Hort,NA,6,4,1.7326,11,26,30,9
MM,D,130,Hort,NA,6,5,1.8954,13,31,54,8
MM,D,365,Hort,NA,9,1,1.9317,14,11,39,10
MM,D,365,Hort,NA,9,2,1.6341,17,17,54,7
MM,D,365,Hort,NA,9,3,2.1833,17,37,38,4
MM,D,365,Hort,NA,9,4,2.5088,19,22,46,9
MM,D,365,Hort,NA,9,5,2.3815,19,27,44,7
MM,D,17,Hort,NA,4,1,1.4248,17,9,85,16
MM,D,17,Hort,NA,4,2,1.0191,12,12,54,6
MM,D,17,Hort,NA,4,3,1.4833,16,22,46,7
MM,D,17,Hort,NA,4,4,1.9356,10,33,69,3
MM,D,17,Hort,NA,4,5,1.5757,14,30,67,7
MM,D,24,Hort,NA,14,1,1.3763,14,28,64,5
MM,D,24,Hort,NA,14,2,1.2791,12,47,43,6
MM,D,24,Hort,NA,14,3,1.0418,13,12,73,8
MM,D,24,Hort,NA,10,4,1.0029,14,14,76,5
MM,D,24,Hort,NA,10,5,1.1004,16,28,59,6
MM,D,283,Hort,NA,3,1,1.5142,17,23,16,2
MM,D,283,Hort,NA,3,2,1.1641,17,11,18,14
MM,D,283,Hort,NA,1,3,0.9364,16,33,53,7
MM,D,283,Hort,NA,1,4,1.3484,14,78,9,6
MM,D,283,Hort,NA,3,5,1.4541,12,64,16,3
MM,D,52,Hort,NA,1,1,0.918,15,5,51,9
MM,D,52,Hort,NA,3,2,1.1925,13.5,0,4,46
MM,D,52,Hort,NA,3,3,0.9955,15,0,0,34
MM,D,52,Hort,NA,1,4,1.4561,18,6,33,19
MM,D,52,Hort,NA,1,5,1.1181,15,2,24,42
MM,D,6,Hort,NA,6,1,1.42,13,29,41,7
MM,D,6,Hort,NA,6,2,2.2271,14,43,36,7
MM,D,6,Hort,NA,6,3,2.3606,13,44,38,6
MM,D,6,Hort,NA,6,4,1.18,11,27,52,8
MM,D,6,Hort,NA,1,5,1.4577,17,23,47,6
MM,D,5,Hort,NA,7,1,1.5194,11,32,29,11
MM,D,5,Hort,NA,7,2,1.2342,12,17,53,9
MM,D,5,Hort,NA,7,3,1.5723,12.5,14,65,8
MM,D,5,Hort,NA,7,4,1.2144,11,6,56,10
MM,D,5,Hort,NA,7,5,1.2734,8,29,36,7
MM,E,215,Adam's,CLD,7,1,1.7329,11,40,58,11
MM,E,215,Adam's,CLD,7,2,1.1469,13,3,54,19
MM,E,215,Adam's,CLD,7,3,1.3742,12,12,77,16
MM,E,215,Adam's,CLD,4,4,1.3366,12,14,69,4
MM,E,215,Adam's,CLD,4,5,1.6824,11,18,71,10
MM,E,215,Adam's,CLA,3,1,1.2844,12.5,16,71,14
MM,E,215,Adam's,CLA,2,2,1.574,11,40,47,9
MM,E,215,Adam's,CLA,1,3,1.2666,10,25,58,9
MM,E,215,Adam's,CLA,4,4,1.5402,11,13,64,14
MM,E,215,Adam's,CLA,4,5,1.5208,11,25,68,17
MM,C,9,Charlotte,HPlA,5,1,1.7604,17,52,25,11
MM,C,9,Charlotte,HPlA,5,2,2.1885,15,49,33,6
MM,C,9,Charlotte,HPlA,7,3,1.6599,17,59,7,9
MM,C,9,Charlotte,HPlA,7,4,1.4071,14,54,7,8
MM,C,9,Charlotte,HPlA,7,5,0.9916,15,35,26,9
MM,C,9,Charlotte,ClA,4,1,1.1925,20,9,36,18
MM,C,9,Charlotte,ClA,1,2,0.7841,15,25,31,7
MM,C,9,Charlotte,ClA,2,3,2.7107,14,42,30,7
MM,C,9,Charlotte,ClA,1,4,1.9455,16,17,55,9
MM,C,9,Charlotte,ClA,3,5,1.6335,14,22,19,9
MM,C,9,Charlotte,CLB,3,1,1.4212,14,40,26,3
MM,C,9,Charlotte,CLB,3,2,1.2121,13,46,29,4
MM,C,9,Charlotte,CLB,3,3,1.9158,16,25,35,9
MM,C,9,Charlotte,CLB,1,4,1.7535,15,24,41,8
MM,C,9,Charlotte,CLB,1,5,1.2882,20,4,23,25
MM,C,368,Knoll,HPlB,6,1,2.3156,13,48,33,8
MM,C,368,Knoll,HPlB,6,2,2.0915,15,35,36,3
MM,C,368,Knoll,HPlB,6,3,2.6807,15,35,46,9
MM,C,368,Knoll,HPlB,2,4,1.8691,12,29,46,7
MM,C,368,Knoll,HPlB,2,5,1.9115,11,9,63,6
MM,C,45,Adam's,CLA,1,1,1.7968,12,14,73,5
MM,C,45,Adam's,CLA,2,2,1.5439,12,6,72,16
MM,C,45,Adam's,CLA,2,3,1.9981,11,39,64,2
MM,C,45,Adam's,CLA,2,4,1.7273,11,28,49,6
MM,C,45,Adam's,CLA,2,5,1.5386,11,34,47,6
MM,C,9,Charlotte,HPlC,1,1,1.5228,18,54,6,8
MM,C,9,Charlotte,HPlC,4,2,1.2038,16,55,5,4
MM,C,9,Charlotte,HPlC,4,3,1.4377,16,69,8,5
MM,C,9,Charlotte,HPlC,4,4,1.0577,13,65,4,5
MM,C,9,Charlotte,HPlC,4,5,1.2478,15,58,5,8
MM,D,54,Hort,NA,5,1,1.5042,10,16,71,14
MM,D,54,Hort,NA,5,2,1.2689,16,21,51,8
MM,D,54,Hort,NA,5,3,2.5625,12,33,47,10
MM,D,54,Hort,NA,5,4,0.7589,18,16,45,8
MM,D,54,Hort,NA,5,5,1.0643,13,24,54,8
MM,D,79,Hort,NA,4,1,1.7774,12,28,50,11
MM,D,79,Hort,NA,4,2,1.4541,12,33,44,7
MM,D,79,Hort,NA,4,3,1.2851,11,25,37,14
MM,D,79,Hort,NA,4,4,1.4634,10,28,51,12
MM,D,79,Hort,NA,1,5,1.1821,17,21,44,5
MM,D,94,Hort,NA,2,1,1.2185,11,13,52,7
MM,D,94,Hort,NA,3,2,1.8329,11,14,40,14
MM,D,94,Hort,NA,3,3,1.3707,11,5,42,25
MM,D,94,Hort,NA,3,4,0.7841,9,11,53,7
MM,D,94,Hort,NA,1,5,1.5208,11,15,50,14
MM,D,45,Hort,NA,5,1,1.8177,8,38,37,19
MM,D,45,Hort,NA,5,2,2.0599,11,30,59,11
MM,D,45,Hort,NA,5,3,1.8205,12,11,56,13
MM,D,45,Hort,NA,5,4,1.9142,12,22,63,17
MM,D,45,Hort,NA,5,5,1.8091,11,12,45,17
MM,B,199,Hort,NA,1,1,0.5025,15,0,0,21
MM,B,199,Hort,NA,4,2,0.4722,13,14,50,8
MM,B,199,Hort,NA,4,3,0.6472,14,0,0,2
MM,B,199,Hort,NA,3,4,0.7163,17,8,55,13
MM,B,199,Hort,NA,3,5,0.7551,14,11,65,12
MM,C,322,Full Belly,HPLA,5,1,1.2494,14,16,39,6
MM,C,322,Full Belly,HPLA,5,2,1.6381,18,26,28,5
MM,C,322,Full Belly,HPLA,5,3,1.1747,13.5,21,26,14
MM,C,322,Full Belly,HPLA,2,4,2.2095,15,30,26,8
MM,C,322,Full Belly,HPLA,2,5,1.7971,14,35,17,5
MM,C,3,Isham,HPLA,3,1,2.6931,13,70,25,16
MM,C,3,Isham,HPLA,3,2,2.2662,15,27,64,14
MM,C,3,Isham,HPLA,3,3,2.5244,13.5,50,35,16
MM,C,3,Isham,HPLA,2,4,1.7309,18,32,49,7
MM,C,3,Isham,HPLA,2,5,2.4774,14,55,35,17
MM,C,222,Charlotte,ClA,3,1,0.6509,11,27,51,5
MM,C,222,Charlotte,ClA,3,2,0.7225,12,39,51,13
MM,C,222,Charlotte,ClA,3,3,0.6128,10,34,55,4
MM,C,222,Charlotte,ClA,3,4,0.5804,10,18,76,5
MM,C,222,Charlotte,ClA,3,5,0.6097,13,27,26,40
MM,C,99,Adam's,HPLA,1,1,0.7906,14,20,17,28
MM,C,99,Adam's,HPLA,5,2,1.2273,12,26,11,30
MM,C,99,Adam's,HPLA,5,3,1.4271,11,21,28,34
MM,C,99,Adam's,HPLA,5,4,1.2021,9,39,15,24
MM,C,99,Adam's,HPLA,5,5,0.8341,9,26,17,29
MM,A,146,Full Belly,CLB,4,1,1.8551,10,52,43,7
MM,A,146,Full Belly,CLB,4,2,1.5919,9,14,77,5
MM,A,146,full Belly,CLB,4,3,1.6621,11,32,55,7
MM,A,146,full Belly,CLB,4,4,1.8123,7,39,41,14
MM,A,146,full Belly,CLB,1,5,1.7783,11,35,61,5
MM,D,374,Hort,NA,2,1,1.0631,12,12,67,10
MM,D,374,Hort,NA,2,2,1.3533,13,17,54,14
MM,D,374,Hort,NA,4,3,1.4003,12,30,40,11
MM,D,374,Hort,NA,4,4,1.3745,10,22,43,6
MM,D,202,Hort,NA,1,1,1.4428,15,19,60,9
MM,D,202,Hort,NA,2,2,1.3272,14,31,63,12
MM,D,202,Hort,NA,2,3,0.6904,13,1,10,72
MM,D,204,Hort,NA,1,1,1.0411,16,3,44,20
MM,D,204,Hort,NA,2,2,1.1474,13,7,63,13
MM,D,204,Hort,NA,2,3,0.8841,11,2,39,26
MM,D,204,Hort,NA,1,4,1.6399,13,27,41,10
MM,D,385,Hort,NA,1,1,0.6544,17,6,82,13
MM,D,385,Hort,NA,1,2,0.8479,19,13,60,9
MM,D,49,Hort,NA,1,1,0.7446,12,0,49,5
MM,D,49,Hort,NA,2,2,2.0129,11,55,30,8
MM,D,49,Hort,NA,2,3,1.6469,12,13,50,15
MM,D,79,Hort,NA,2,1,0.7584,13,1,30,23
MM,D,79,Hort,NA,2,2,1.3111,15,12,43,12
MM,D,111,Hort,NA,1,1,0.5171,15,0,0,26
MM,D,284,Hort,NA,1,1,2.2721,13,21,51,11
MM,D,106,Hort,NA,4,1,0.8121,15,16,59,13
MM,D,106,Hort,NA,4,2,0.8221,11,16,57,14
MM,D,106,Hort,NA,4,3,0.7436,12,14,63,11
MM,D,106,Hort,NA,4,4,0.6303,10,18,49,13
MM,D,318,Hort,NA,1,1,1.1458,11,0,2,65
MM,D,54,Hort,NA,1,1,0.5859,10,0,15,4
MM,D,56,Hort,NA,3,1,1.1356,13,5,60,8
MM,D,56,Hort,NA,3,2,1.5867,12,24,62,13
MM,D,56,Hort,NA,3,3,1.6081,17,25,68,3
MM,D,113,Hort,NA,1,1,0.9501,12,24,46,12
MM,C,250,Isham,CLA,3,1,1.4891,10,49,49,8
MM,C,250,Isham,CLA,3,2,1.5531,11,22,69,7
MM,C,250,Isham,CLA,3,3,1.7128,12,40,63,7
MM,C,151,Isham,CLA,1,1,0.8395,17,0,34,30
MM,C,151,Isham,CLA,1,1,0.2313,11,0,0,9
MM,C,151,Isham,CLB,3,1,1.0118,8,26,47,11
MM,C,151,Isham,CLB,3,2,2.7693,14,37,29,9
MM,C,151,Isham,CLB,3,3,1.4009,9,5,49,28
MM,C,151,Isham,HPLA,2,1,1.0504,9,2,25,30
MM,C,151,Isham,HPLA,2,2,1.0284,10,9,63,10
MM,C,307,Adam's,CLB,1,1,0.6744,14,2,28,6
MM,C,307,Adam's,HPLB,1,1,1.3664,14,16,38,6
MM,C,307,Adam's,HPLB,2,1,1.1149,14,30,15,5
MM,C,307,Adam's,HPLB,2,2,1.3938,13,46,20,16
MM,C,307,Adam's,HPLB,1,1,2.2652,11,42,35,10
MM,C,307,Adam's,CLA,1,1,2.0531,10,36,27,8
MM,C,45,Adam's,HPLA,3,1,2.2993,12,37,55,12
MM,C,45,Adam's,HPLA,3,2,1.8264,10,34,56,6
MM,C,45,Adam's,HPLA,3,3,2.0202,11,24,59,4
MM,C,45,Adam's,HPLA,1,1,1.3331,13,10,47,18
MM,C,45,Adam's,HPLB,1,1,1.3102,10,26,43,10
MM,C,45,Adam's,CLB,1,1,1.2173,13,20,54,6
MM,C,45,Adam's,CLB,1,1,1.0309,9,20,52,12
MM,C,45,Adam's,CLB,1,1,1.5126,10,30,60,7
MM,C,322,full Belly,CLA,1,1,1.1881,12,17,38,6
MM,C,322,full Belly,CLA,1,1,0.6027,11,8,32,5
MM,C,322,full Belly,CLA,2,1,1.5001,11,28,21,4
MM,C,322,full Belly,CLA,2,2,1.8006,6,32,23,4
MM,C,98,Charlotte,HPLA,2,1,1.4911,13,41,27,9
MM,C,98,Charlotte,HPLA,2,2,1.8856,13,50,33,9
MM,C,98,Charlotte,CLB,2,1,1.4602,12,20,57,12
MM,C,98,Charlotte,CLB,2,2,2.1046,13,33,40,9
MM,C,86,full Belly,HPLA,2,1,1.9281,10,31,50,8
MM,C,86,full Belly,HPLA,2,2,1.7405,9,19,61,8
MM,C,86,full Belly,HPLA,2,1,1.8203,8,37,37,5
MM,C,86,full Belly,HPLA,2,2,1.3563,9,19,67,9
MM,C,86,full Belly,HPLB,1,1,1.4859,12,15,69,7
MM,C,86,full Belly,HPLB,1,1,1.0893,11,15,56,3
MM,C,10,Isham,CLA,1,1,1.5473,13,12,59,4
MM,C,45,Adam's,CLA,1,1,0.3906,8,0,0,3
MM,C,46,Adam's,HPLB,2,1,1.5379,7,34,33,13
MM,C,46,Adam's,HPLB,2,2,1.4958,11,46,49,8
MM,C,321,Boutin,CLA,2,1,1.4665,10,39,36,5
MM,C,321,Boutin,CLA,2,2,1.4091,9,49,41,6
MM,C,372,Adam's,Untagged,2,1,1.3537,10,37,45,12
MM,C,372,Adam's,Untagged,2,2,1.2968,10,26,47,7
MM,C,86,Full Belly,CLB,1,1,1.9768,9,31,55,3
MM,C,86,Full Belly,CLB,2,1,1.7159,9,29,45,7
MM,C,86,Full Belly,CLA,3,1,1.8546,12,30,53,5
MM,C,86,Full Belly,CLA,3,2,2.2522,12,37,49,5
MM,C,86,Full Belly,CLA,3,3,2.2195,11,36,46,7
MM,C,86,Full Belly,CLA,1,1,1.5337,10,9,76,6
MM,C,307,Adam's,CLA,3,1,2.1442,13,28,30,11
MM,C,307,Adam's,CLA,3,2,1.8259,13,7,39,15
MM,C,307,Adam's,CLA,3,3,2.7886,13,36,22,9
MM,C,307,Adam's,CLA,5,4,1.6937,9,30,16,2
MM,C,307,Adam's,HPLB,5,1,3.0237,13,56,18,7
MM,C,307,Adam's,CLB,5,1,2.1403,11,17,37,15
MM,C,307,Adam's,CLB,5,2,2.0659,10,36,36,9
MM,C,307,Adam's,CLB,5,3,2.1851,10,29,43,8
MM,C,307,Adam's,CLB,5,4,1.3184,9,6,35,27
MM,C,96,Boutin,CLA,1,1,0.6567,15,43,28,8
MM,C,96,Boutin,CLA,2,2,0.6502,16,11,69,18
MM,C,96,Boutin,CLA,2,3,0.7043,13,13,62,10
MM,C,40,Isham,CLA,1,1,1.5309,13,19,35,6
MM,C,40,Isham,CLA,1,2,0.9614,16,17,46,11
MM,C,40,Isham,HPLA,1,1,2.1061,12,29,27,4
MM,C,40,Isham,HPLB,1,1,1.5895,11,21,36,10
MM,C,307,Adam's,HPLC,1,1,1.6145,12,8,35,17
MM,C,307,Adam's,HPLC,1,1,1.9337,10,19,46,4
MM,C,307,Adam's,CLC,2,1,0.4982,9,1,15,3
MM,C,307,Adam's,CLC,2,2,2.4402,12,38,24,12
MM,C,307,Adam's,CLC,2,1,1.9285,10,9,48,17
MM,C,307,Adam's,CLC,2,2,2.2239,9,21,34,21
MM,A,241,Adam's,CLA,1,1,1.9724,14,28,65,5
MM,A,241,Adam's,CLA,2,2,1.6814,16,19,60,5
MM,A,241,Adam's,CLA,2,3,1.9255,15,16,55,11
MM,A,241,Adam's,CLA,1,4,1.5025,12,21,52,7
MM,C,99,Adam's,CLA,1,1,0.3593,15,19,15,20
MM,C,99,Adam's,CLA,1,2,0.6926,10,6,37,29
MM,A,153,Full Belly,CLA,1,1,1.7241,9,32,65,11
MM,A,153,Full Belly,HPLB,1,1,1.5397,12,18,52,13
MM,A,73,Charlotte,HPLA,1,1,1.8121,12,33,60,7
MM,A,73,Charlotte,HPLA,2,1,1.3338,12,20,69,8
MM,A,73,Charlotte,HPLA,2,2,1.8511,10,26,76,7
MM,A,73,Charlotte,HPLA,2,1,2.2666,10,32,56,7
MM,A,73,Charlotte,HPLA,2,2,2.5325,15,82,13,11
MM,A,170,Adam's,Untagged,1,1,1.7531,11,12,62,15
MM,A,170,Adam's,Untagged,2,2,1.3959,15,13,70,9
MM,A,170,Adam's,Untagged,2,3,1.5372,14,22,53,14
MM,A,72,Boutin,CLA,1,1,1.4823,16,5,11,8
MM,A,72,Boutin,HPLA,1,1,1.9462,12,42,31,15
MM,A,64,Charlotte,HPLA,1,1,2.3647,16,38,50,11
MM,A,64,Charlotte,HPLA,1,1,1.8368,15,14,60,7
MM,A,64,Charlotte,HPLA,1,1,1.1121,14,11,62,9
MM,A,64,Charlotte,HPLA,1,1,1.7072,14,13,59,9
MM,A,64,Charlotte,HPLA,2,1,2.2513,12,69,12,8
MM,A,64,Charlotte,HPLB,4,1,1.5054,15,28,42,3
MM,A,64,Charlotte,HPLB,4,2,1.5506,16,24,64,10
MM,A,64,Charlotte,HPLB,4,3,1.7599,16,46,42,9
MM,A,64,Charlotte,HPLB,4,4,1.6658,13,36,44,8
MM,A,64,Charlotte,HPLB,1,1,2.1395,13,30,63,7
MM,E,331,Full Belly,HPLC,6,1,1.0299,16,6,57,16
MM,E,331,Full Belly,HPLC,6,2,1.0551,8,33,46,14
MM,E,331,Full Belly,HPLC,4,3,0.9579,12,16,61,9
MM,E,331,Full Belly,HPLC,5,4,1.2672,13,12,56,15
MM,E,331,Full Belly,HPLC,2,5,1.0847,13,26,47,8
MM,E,331,Full Belly,Untagged,1,1,1.7366,11,31,70,14
MM,E,331,Full Belly,Untagged,1,2,1.5163,7,23,63,20
MM,E,331,Full Belly,HPLA,1,1,1.0649,15,17,91,12
MM,E,331,Full Belly,HPLA,2,1,1.6565,15,28,55,14
MM,E,331,Full Belly,HPLA,2,2,1.5024,12,26,47,21
MM,E,331,Full Belly,HPLA,2,1,1.3008,12,33,42,14
MM,E,331,Full Belly,HPLA,2,2,1.2516,12,20,34,18
MM,E,331,Full Belly,HPLD,1,1,1.5499,10,16,48,10
MM,E,331,Full Belly,HPLD,1,1,1.9667,10,49,59,7
MM,E,331,Full Belly,CLD,4,1,0.9891,12,16,37,6
MM,E,331,Full Belly,CLD,4,2,1.9434,16,26,43,9
MM,E,331,Full Belly,CLD,4,3,1.9925,14,23,53,14
MM,E,331,Full Belly,CLD,4,4,1.9909,14,30,42,14
MM,E,331,Full Belly,CLD,1,5,1.5206,11,23,49,6
MM,E,331,Full Belly,CLA,4,1,1.2029,15,6,60,17
MM,E,331,Full Belly,CLA,4,2,1.5431,13,21,38,18
MM,E,331,Full Belly,CLA,4,3,1.4341,13,29,66,10
MM,E,331,Full Belly,CLA,4,4,1.5105,12,31,36,8
MM,E,331,Full Belly,CLA,1,1,1.2542,11,10,63,19
MM,E,331,Full Belly,CLB,2,1,1.8323,12,46,41,9
MM,E,331,Full Belly,CLB,2,2,1.6351,12,40,44,12
MM,E,331,Full Belly,CLC,4,1,1.1941,9,27,41,11
MM,E,331,Full Belly,CLC,4,2,0.9169,10,14,61,14
MM,E,331,Full Belly,CLC,4,3,0.9205,12,16,45,9
MM,E,331,Full Belly,CLC,2,4,1.2682,10,22,67,10
MM,E,331,Full Belly,CLC,2,5,1.2649,10,27,46,12
MM,E,334,Full Belly,CLB,4,1,1.2797,15,36,46,6
MM,E,334,Full Belly,CLB,4,2,1.1777,12,33,57,5
MM,E,334,Full Belly,CLB,4,3,1.4317,9,46,35,10
MM,E,334,Full Belly,CLB,3,4,1.2388,12,28,65,6
MM,E,334,Full Belly,CLB,7,5,1.1172,11,33,53,7
MM,E,334,Full Belly,CLA,4,1,1.9098,14,43,47,4
MM,E,334,Full Belly,CLA,4,2,1.4731,13,46,50,4
MM,E,334,Full Belly,CLA,4,3,1.4615,14,29,50,5
MM,E,334,Full Belly,CLA,2,1,1.1426,12,35,61,7
MM,E,334,Full Belly,CLA,2,2,1.1244,13,35,38,10
MM,E,334,Full Belly,HPLB,3,1,1.9512,15,31,43,10
MM,E,334,Full Belly,HPLB,3,2,1.4838,11,29,59,4
MM,E,334,Full Belly,HPLB,3,3,2.3507,13,45,40,8
MM,E,334,Full Belly,HPLB,4,4,1.5412,10,38,48,7
MM,E,334,Full Belly,HPLB,4,5,1.6881,10,32,55,9
MM,E,334,Full Belly,HPLA,6,1,1.7571,9,41,38,5
MM,E,334,Full Belly,HPLA,6,2,1.2623,14,20,65,5
MM,E,334,Full Belly,HPLA,6,3,1.5449,10,45,52,8
MM,E,334,Full Belly,HPLA,6,4,1.6834,11,33,43,14
MM,E,334,Full Belly,HPLA,6,5,1.9784,12,40,49,17
MM,E,334,Full Belly,CLC,6,1,1.2944,13,31,44,7
MM,E,334,Full Belly,CLC,6,2,1.3686,17,31,44,10
MM,E,334,Full Belly,CLC,6,3,1.1193,14,30,46,7
MM,E,334,Full Belly,CLC,3,4,1.5954,13,36,42,10
MM,E,334,Full Belly,CLC,3,5,1.4981,13,38,50,3
MM,E,334,Full Belly,HPLC,3,1,1.2981,11,40,40,7
MM,E,334,Full Belly,HPLC,3,2,1.0561,12,39,44,4
MM,E,334,Full Belly,HPLC,3,3,1.1348,13,41,45,7
MM,E,334,Full Belly,HPLC,4,1,1.0391,14,36,42,7
MM,E,334,Full Belly,HPLC,4,2,0.8917,14,35,19,4
MM,E,395,Adam's,HPLC,6,1,2.0377,11,42,47,7
MM,E,395,Adam's,HPLC,6,2,1.7992,11,27,44,11
MM,E,395,Adam's,HPLC,1,3,2.5813,15,39,46,12
MM,E,395,Adam's,HPLC,4,4,1.7829,12,38,39,8
MM,E,395,Adam's,HPLC,4,5,1.5074,10,29,51,7
MM,E,395,Adam's,HPLA,6,1,1.6055,13,16,58,13
MM,E,395,Adam's,HPLA,6,2,1.6201,17,46,33,10
MM,E,395,Adam's,HPLA,6,3,1.3017,14,61,22,6
MM,E,395,Adam's,HPLA,6,4,1.5245,10,18,59,5
MM,E,395,Adam's,HPLA,3,1,2.1547,13,58,34,12
MM,E,395,Adam's,CLA,3,1,1.4023,13,4,45,31
MM,E,395,Adam's,CLA,3,2,1.6853,11,32,51,20
MM,E,395,Adam's,CLA,3,3,1.8272,9,41,56,12
MM,E,395,Adam's,CLA,1,4,1.8942,12,15,64,12
MM,E,395,Adam's,CLA,1,5,1.9721,11,38,44,13
MM,E,395,Adam's,CLB,1,1,1.6809,11,37,53,8
MM,E,395,Adam's,CLB,2,1,1.3629,9,19,69,10
MM,E,395,Adam's,CLB,2,2,1.2419,14,11,67,13
MM,E,395,Adam's,CLB,2,1,1.7075,12,50,28,6
MM,E,395,Adam's,CLB,2,2,1.7877,13,43,44,8
MM,E,395,Adam's,CLC,5,1,2.1049,14,13,61,14
MM,E,395,Adam's,CLC,5,2,1.6094,11,16,65,12
MM,E,395,Adam's,CLC,5,3,1.4643,16,5,67,20
MM,E,395,Adam's,CLC,5,4,2.3677,15,29,75,8
MM,E,395,Adam's,CLC,5,5,1.3939,11,19,53,14
MM,E,134,Full Belly,HPLA,9,1,1.1789,13,33,35,7
MM,E,134,Full Belly,HPLA,9,2,1.4984,14,35,49,19
MM,E,134,Full Belly,HPLA,9,3,1.4103,13,42,44,8
MM,E,134,Full Belly,HPLA,9,4,1.4588,13,41,50,11
MM,E,134,Full Belly,HPLA,9,5,1.1962,15,30,51,13
MM,E,323,Charlotte,HPLA,1,1,1.6404,14,15,60,16
MM,E,323,Charlotte,HPLA,2,2,2.0918,10,24,57,10
MM,E,323,Charlotte,HPLA,2,3,2.1937,11,37,33,7
MM,E,323,Charlotte,HPLA,1,4,2.5083,12,66,24,5
MM,E,338,Adam's,HPLD,1,1,2.4311,11,30,54,13
MM,E,134,Full Belly,CLA,4,1,1.1963,15,28,61,5
MM,E,134,Full Belly,CLA,4,2,1.1297,15,31,49,15
MM,E,134,Full Belly,CLA,4,3,1.2268,15,25,44,12
MM,E,134,Full Belly,Untagged,2,1,1.6679,11,30,57,3
MM,E,134,Full Belly,Untagged,2,2,1.6825,10,25,60,7
MM,E,134,Full Belly,Untagged,1,1,0.9214,14,4,65,10
MM,E,134,Full Belly,Untagged,1,1,1.9885,12,28,58,7
MM,E,137,Boutin,HPLB,2,1,1.7619,10,40,22,15
MM,E,137,Boutin,HPLB,2,2,1.2546,12,39,13,8
MM,E,137,Boutin,HPLB,1,3,2.2333,13,35,39,8
MM,E,137,Boutin,HPLB,1,4,1.0011,13,15,4,11
MM,E,137,Boutin,HPLA,3,1,2.0891,11,23,53,16
MM,E,137,Boutin,HPLA,3,2,1.4288,16,33,27,14
MM,E,137,Boutin,HPLA,3,3,1.9065,11,41,20,15
MM,E,137,Boutin,HPLA,2,1,2.6271,10,47,25,15
MM,E,137,Boutin,HPLA,2,1,1.9429,9,26,14,6
MM,E,338,Adam's,CLC,1,1,0.6659,6,31,42,18
MM,E,338,Adam's,HPLC,1,1,1.5529,11,31,47,12
MM,E,338,Adam's,HPLC,5,2,0.8524,10,31,15,12
MM,E,338,Adam's,HPLC,5,3,1.3473,9,29,50,7
MM,E,338,Adam's,HPLC,5,4,1.4489,9,24,50,21
MM,E,338,Adam's,HPLC,5,5,1.7507,9,41,58,11
MM,E,338,Adam's,HPLA,3,1,1.7204,12,31,56,20
MM,E,338,Adam's,HPLA,3,2,1.4699,13,32,53,18
MM,E,338,Adam's,HPLA,3,3,1.2991,10,19,53,16
MM,E,338,Adam's,HPLA,1,1,1.3479,13,19,54,2
MM,E,137,Boutin,CLA,3,1,1.6709,5,25,40,12
MM,E,137,Boutin,CLA,3,2,1.8271,10,44,18,12
MM,E,137,Boutin,CLA,3,3,1.5315,9,27,35,18
MM,E,137,Boutin,CLA,2,4,2.4574,13,31,39,11
MM,E,137,Boutin,CLA,2,5,2.2287,9,42,33,11
MM,E,137,Boutin,CLB,,1,2.7043,9,46,19,12
MM,E,137,Boutin,CLB,,2,2.1906,12,38,36,15
MM,E,137,Boutin,CLB,,3,1.5642,9,34,25,19
MM,E,137,Boutin,CLB,,4,1.8631,9,30,45,13
MM,E,137,Boutin,CLB,,5,2.0102,11,36,25,14
MM,E,247,Adam's,HPLA,1,1,1.8126,11,54,18,7
MM,E,358,Charlotte,HPLA,4,1,2.5167,10,73,17,14
MM,E,358,Charlotte,HPLA,4,2,2.2314,10,26,56,12
MM,E,358,Charlotte,HPLA,5,3,1.5977,9,66,30,11
MM,E,358,Charlotte,HPLA,5,4,1.8081,10,70,15,8
MM,E,358,Charlotte,HPLA,5,5,1.7836,11,15,56,17
MM,E,216,Full Belly,CLA,2,1,1.4938,14,25,61,6
MM,E,216,Full Belly,CLA,2,2,1.5121,14,38,39,11
MM,E,216,Full Belly,CLA,2,1,1.2951,13,25,53,10
MM,E,216,Full Belly,CLA,2,2,1.4496,14,21,64,9
MM,E,216,Full Belly,CLA,2,1,1.6293,14,39,53,9
MM,E,216,Full Belly,CLC,2,1,1.3325,9,33,58,9
MM,E,216,Full Belly,CLC,2,2,1.1017,9,26,67,15
MM,E,216,Full Belly,CLC,1,3,1.3189,10,26,43,8
MM,E,216,Full Belly,CLB,5,1,1.3718,10,23,65,8
MM,E,216,Full Belly,CLB,5,2,1.0847,10,16,72,12
MM,E,216,Full Belly,CLB,5,3,1.2149,12,9,52,8
MM,E,216,Full Belly,CLB,5,4,1.1086,10,11,55,21
MM,E,216,Full Belly,CLB,5,5,1.0454,10,11,58,15
RS,E,216,Full Belly,HPLB,1,1,1.3135,12,21,70,3
RS,E,216,Full Belly,HPLB,4,1,1.2921,14,32,50,14
RS,E,216,Full Belly,HPLB,4,2,1.0677,11,20,70,10
RS,E,216,Full Belly,HPLB,4,3,1.0794,11,21,64,7
RS,E,216,Full Belly,HPLB,4,4,1.0407,10.5,17,57,15
RS,E,216,Full Belly,HPLA,2,1,1.4989,13,41,43,14
RS,E,216,Full Belly,HPLA,2,2,2.1302,9,38,54,9
RS,E,216,Full Belly,HPLA,1,1,1.877,17,40,37,9
RS,E,216,Full Belly,HPLA,1,1,1.3742,11,16,71,15
RS,E,216,Full Belly,HPLA,1,1,1.4905,12,30,59,7
MM,,303,Isham,HPLA,2,1,1.2356,13,8,44,12
MM,,303,Isham,HPLA,2,2,1.2445,14,4,42,16
MM,,303,Isham,HPLA,1,3,1.5899,12,11,46,13
MM,,303,Isham,HPLA,1,4,1.6423,9,32,28,10
MM,,303,Isham,CLA,1,1,1.6677,10,16,65,10
MM,,196,Full Belly,HPLB,1,1,0.6607,16,30,47,7
MM,,196,Full Belly,HPLB,1,2,1.3217,12,19,77,9
MM,,196,Full Belly,CLA,2,1,1.3427,13,29,46,6
MM,,196,Full Belly,CLA,2,2,1.3261,15,21,53,14
MM,,196,Full Belly,CLA,3,3,1.5366,11,25,58,14
MM,,196,Full Belly,CLA,3,4,1.4003,13,12,61,13
MM,,196,Full Belly,CLA,3,5,1.1592,12,21,52,5
MM,,196,Full Belly,HPLA,4,1,1.2134,11,20,63,11
MM,,196,Full Belly,HPLA,4,2,1.2247,9,20,63,6
MM,,196,Full Belly,HPLA,4,3,1.2593,9,30,46,6
MM,,196,Full Belly,HPLA,3,4,1.2832,10,36,46,7
MM,,196,Full Belly,HPLA,3,5,1.1262,8,38,52,2
MM,,161,Boutin,HPLA,1,1,1.4717,9,34,18,10
MM,,161,Boutin,CLA,1,1,0.4355,14,16,16,8
MM,,161,Boutin,CLA,1,2,0.9448,13,16,27,12
MM,,161,Boutin,CLA,1,3,1.1515,12,25,28,10
MM,,161,Boutin,CLA,1,4,1.2414,11,18,28,14
MM,,174,Knoll,CLA,3,1,2.5184,12,22,39,6
MM,,174,Knoll,CLA,3,2,2.1383,11,24,29,7
MM,,174,Knoll,CLA,3,3,2.0915,11,39,24,7
MM,,174,Knoll,CLA,3,4,1.9655,6,26,49,10
MM,,174,Knoll,CLA,3,5,1.9053,10,35,25,13
MM,,356,Knoll,CLA,1,1,0.6771,12,3,46,9
MM,,356,Knoll,CLA,1,2,0.6175,10,3,48,7
MM,,356,Knoll,CLA,1,3,0.6517,9,3,32,22
MM,,356,Knoll,CLA,1,4,0.9307,11,8,43,26
MM,,356,Knoll,HPLB,1,1,0.7009,10,20,43,10
MM,,278,Isham,CLA,1,1,1.1738,7,32,37,7
MM,,278,Isham,CLB,1,1,1.7741,7,32,54,7
MM,,278,Isham,CLB,3,2,1.4735,13,18,40,9
MM,,278,Isham,CLB,3,3,1.1015,10,11,51,9
MM,,278,Isham,CLB,3,4,1.3596,11,18,32,9
MM,,278,Isham,CLB,1,5,0.2723,13.5,2,25,6
MM,,278,Isham,CLC,1,1,0.2054,19,4,5,8
MM,,278,Isham,HPLA,1,1,1.8938,12,26,43,9
MM,,278,Isham,HPLA,2,2,1.9371,14,46,28,9
MM,,278,Isham,HPLA,2,3,1.8554,15,46,26,10
MM,,278,Isham,HPLA,1,4,1.4506,14,16,45,9
MM,,278,Isham,HPLB,1,1,1.3804,13,18,9,8
MM,,278,Isham,HPLB,2,2,1.4822,11,19,43,12
MM,,278,Isham,HPLB,2,3,1.2412,10,20,36,6
MM,,278,Isham,HPLC,1,1,1.5081,7,45,23,10
MM,,278,Isham,HPLC,2,2,1.1026,14,31,38,6
MM,,278,Isham,HPLC,2,3,1.2961,18,24,41,12
MM,,174,Knoll,HPLB,1,1,1.3776,13,9,68,7
MM,,174,Knoll,CLB,2,1,1.6985,13,9,75,7
MM,,174,Knoll,CLB,2,2,1.4111,9,15,64,5
MM,,174,Knoll,CLA,1,1,1.4949,16,1,17,30
EEO,E,257,,HPLB,1,1,0.1788,11,2,1,10
EEO,E,257,,CLB,1,1,0.182,11,0,0,1
EEO,E,257,,HPLB,1,1,0.5825,11,0,0,9
EEO,E,257,,CLB,1,1,0.7581,14,0,0,19
EEO,E,193,,CLA,2,1,1.1329,12,23,38,12
EEO,E,193,,CLA,2,2,0.6733,10,0,59,2
EEO,E,193,,CLA,4,1,1.5416,11,49,28,8
EEO,E,193,,CLA,4,2,1.1062,10,13,43,4
EEO,E,193,,CLA,4,3,0.4566,12,0,47,5
EEO,E,193,,CLA,4,4,1.4042,11,27,29,11
EEO,E,193,,HPLA,4,1,2.3344,14,78,5,7
EEO,E,193,,HPLA,4,2,1.9269,12,77,4,7
EEO,E,193,,HPLA,4,3,1.9437,10,33,8,4
EEO,E,193,,HPLA,4,4,2.5109,11,80,4,6
MM,E,193,,HPLA,1,5,1.1147,10,9,59,11
MM,E,346,,HPLA,1,1,2.1774,7,44,34,7
MM,E,346,,HPLA,1,2,2.4672,11,42,41,12
MM,E,346,,HPLA,2,3,1.3331,11,10,61,13
MM,E,346,,HPLA,2,4,1.7488,12,31,33,5
MM,E,346,,HPLA,1,5,2.0298,9,43,35,12
MM,E,346,,CLA,1,1,0.9716,13,13,39,13
MM,E,346,,CLA,1,1,1.4866,13,8,49,17
MM,E,346,,CLB,1,1,2.0762,11,35,49,13
MM,E,347,,HPLA,3,1,1.8027,9,36,37,4
MM,E,347,,HPLA,3,2,1.5978,12,31,44,3
MM,E,347,,HPLA,3,3,1.4771,13,36,43,4
MM,E,347,,HPLA,3,4,1.4591,12,30,42,14
MM,E,347,,HPLA,3,5,2.1466,15,29,44,4
MM,E,347,,Untagged,1,1,2.1752,18,32,32,18
MM,E,347,,Untagged,3,2,2.3015,12,43,28,14
MM,E,347,,Untagged,3,3,1.8087,10,31,36,7
MM,E,347,,Untagged,3,4,2.0924,11,36,35,11
MM,E,347,,CLA,1,1,1.6703,10,28,49,12
MM,E,208,,CLA,4,1,1.2764,11,23,52,7
MM,E,208,,CLA,4,2,1.6473,10,42,32,13
MM,E,208,,CLA,5,3,1.9346,11,32,42,6
MM,E,208,,CLA,5,4,1.5538,11,9,69,13
MM,E,208,,CLA,5,5,1.8288,9,15,64,11
MM,E,214,,HPLA,1,1,1.5575,11,59,29,5
MM,E,214,,HPLA,1,2,1.4423,14,54,33,15
MM,E,214,,HPLA,2,3,0.6445,14,9,51,7
MM,E,214,,HPLA,1,4,0.7301,10,48,12,5
MM,E,214,,HPLA,1,5,1.2339,11,26,55,14
MM,E,260,,CLA,3,1,1.9259,9,45,23,7
MM,E,260,,CLA,3,2,1.6766,7,28,42,6
MM,E,260,,CLA,3,3,1.7106,9,33,39,11
MM,E,260,,HPLA,2,1,1.9114,11,23,57,6
MM,E,260,,HPLA,2,2,1.8931,11,35,40,9
MM,E,260,,HPLA,2,3,1.4894,11,36,27,8
MM,E,260,,HPLA,1,4,1.4861,16,20,43,4
MM,E,260,,HPLA,2,5,1.5071,10,25,58,7
EW,E,215,,CLA,1,1,0.645,17,23,10,15
EW,E,215,,HPLA,4,1,0.773,12,33,17,13
EW,E,215,,HPLA,4,2,0.425,7,4,16,25
EW,E,215,,HPLA,4,4,0.576,13,0,6,3
EW,E,215,,CLD,2,1,0.247,15,0,0,0
EW,E,215,,CLD,2,2,0.229,11,0,1,1
EW,E,215,,HPA,1,1,0.215,17,0,0,0
EW,E,215,,CLC,1,1,0.307,18,0,0,0
EW,E,215,,CLD,4,1,1.28,13,38,53,11
EW,E,215,,CLD,4,2,1.3,12,12,73,8
EW,E,215,,CLD,4,3,1.22,12,16,66,16
EW,E,215,,CLD,4,4,1.18,11,19,63,5
EW,E,215,,UNTAGGED,1,1,1.54,10,23,51,5
EW,E,215,,UNTAGGED,2,1,1.07,14,18,72,6
EW,E,215,,UNTAGGED,2,2,1.18,14,27,60,4
EW,E,215,,HPLA,2,1,0.908,14,16,58,8
EW,E,215,,HPLA,2,2,1.329,14,29,47,2
EW,E,215,,CLC,1,1,1.149,14,40,42,5
EW,E,215,,CLC,2,1,0.442,10,0,0,0
EW,E,215,,CLC,2,2,1.129,12,13,64,12
EW,A,64,,CLA,1,1,1.6931,10,17,41,19
EW,A,64,,CLA,2,1,2.1238,11,21,49,5
EW,A,64,,CLA,2,2,2.1499,16,18,52,7
EW,A,64,,CLA,1,1,1.5969,10,13,56,7
EW,A,64,,CLA,1,1,0.5237,10,0,2,9
EW,A,64,,CLB,1,1,1.251,12,15,49,13
EW,A,64,,CLB,1,1,1.369,12,34,40,9
EW,A,64,,CLB,1,1,2.221,10,29,45,8
EW,A,64,,CLB,1,1,1.362,11,9,49,1
EW,A,64,,CLB,3,1,1.189,11,7,44,23
EW,A,73,,CLA,1,1,1.385,14,21,63,4
EW,A,73,,CLA,1,1,1.231,13,10,48,38
EW,A,73,,HPB,1,1,1.611,11,15,57,13
EW,A,73,,HPLB,1,1,1.821,11,52,19,1
EW,A,73,,HPLB,1,1,1.334,13,28,68,12
EW,A,73,,HPLB,2,1,1.321,12,21,68,17
EW,A,73,,HPLB,2,2,1.323,11,22,70,7
EW,A,60,,HPLA,4,1,1.7723,13,66,10,8
EW,A,60,,HPLA,4,2,1.7793,14,32,45,6
EW,A,60,,HPLA,4,3,1.5308,12,29,49,8
EW,A,60,,HPLA,4,4,1.9304,13,51,32,6
EW,A,60,,HPLA,2,1,1.773,13,41,27,3
MM,A,146,,CLA,1,1,1.5176,11,19,62,3
MM,A,146,,CLA,2,2,2.2386,10,39,52,1
MM,A,146,,CLA,2,3,2.3672,11,32,63,4
MM,A,146,,CLA,1,4,2.0465,11,16,72,8
MM,A,146,,CLA,1,5,0.8245,13,5,70,5
MM,A,146,,HPLB,1,1,1.6249,10,24,60,7
MM,A,146,,HPLB,3,2,1.7042,10,34,50,5
MM,A,146,,HPLB,3,3,1.9175,9,47,45,5
MM,A,146,,HPLB,3,4,1.6488,9.5,39,44,3
MM,A,146,,HPLA,5,1,2.0071,10,44,46,5
MM,A,146,,HPLA,5,2,1.8856,10,34,48,4
MM,A,146,,HPLA,3,3,1.6917,10,37,52,4
MM,A,146,,HPLA,4,4,1.9168,13,31,59,6
MM,A,146,,HPLA,4,5,1.7047,12,26,66,11
MM,A,64,,HPLB,2,1,2.4744,7,45,53,4
MM,A,64,,HPLB,2,2,2.4684,11,47,41,2
MM,A,228,,CLA,2,1,1.3489,11,14,47,3
MM,A,228,,CLA,2,2,1.3449,11,22,54,10
MM,A,228,,CLA,2,3,2.0918,12,40,39,11
MM,A,228,,CLA,1,4,1.0928,10,25,51,8
MM,A,228,,CLA,1,5,1.4098,11,28,50,4
MM,A,64,,CLA,1,1,2.1272,15,12,64,7
MM,A,64,,CLA,1,2,1.8934,12,12,43,7
MM,A,64,,HPLA,2,1,1.6875,10,27,59,2
MM,A,64,,HPLA,2,2,2.1754,10,35,45,6
MM,A,231,,CLA,1,1,1.1646,7,11,62,16
MM,A,231,,CLA,2,2,2.0438,9,30,41,8
MM,A,231,,CLA,2,3,1.6092,10,20,39,11
MM,A,228,,HPLA,3,1,1.7041,7,42,47,10
MM,A,228,,HPLA,3,2,1.7217,11,44,48,5
MM,A,228,,HPLA,3,3,1.6641,9,23,66,8
MM,A,228,,HPLA,1,4,1.0394,4,13,64,9
MM,A,228,,HPLA,1,5,1.7562,11,49,39,3
MM,A,118,,Untagged,1,1,0.7289,14,1,35,39
MM,A,118,,Untagged,2,2,1.3391,11,9,76,12
MM,A,118,,Untagged,2,3,1.1149,7,11,55,8
MM,A,118,,HPLA,4,1,1.0581,8,36,55,11
MM,A,118,,HPLA,4,2,0.7574,6,34,39,11
MM,A,118,,HPLA,4,3,0.8888,10,30,46,7
MM,A,118,,HPLA,4,4,1.0193,11,40,47,9
MM,A,118,,CLA,1,1,0.9123,9,22,46,10
MM,A,44,,HPLA,3,1,2.3316,9,40,43,13
MM,A,44,,HPLA,3,2,1.9013,12,43,45,15
MM,A,44,,HPLA,3,3,2.2125,10,59,27,22
MM,A,44,,HPLB,1,1,2.0133,10,40,49,13
MM,A,44,,HPLB,1,2,1.8264,7,51,32,14
MM,A,44,,HPLB,2,3,1.8544,6,41,40,24
MM,A,44,,HPLB,2,4,1.7416,8,44,27,10
MM,A,44,,CLB,1,1,2.1236,12,51,31,20
MM,A,44,,CLC,3,1,1.9122,7,29,56,14
MM,A,44,,CLC,3,2,2.0701,9,54,31,15
MM,A,44,,CLC,3,3,2.0463,9,52,41,18
MM,A,44,,HPLC,2,1,2.1522,9,47,46,18
MM,A,44,,HPLC,2,2,1.8409,10,34,44,14
MM,A,44,,HPLC,1,3,1.7726,9,43,52,11
MM,A,44,,HPLC,1,4,1.7802,10,35,42,7
EW,A,142,,HPLA,2,1,0.849,11,54,20,8
EW,A,142,,HPLA,2,2,1.431,12,46,46,1
EW,A,142,,CLC,1,1,1.406,11,65,34,6
EW,A,142,,HPA,4,1,0.87,10,34,56,9
EW,A,142,,HPA,4,2,0.992,9,15,64,8
EW,A,142,,HPA,4,3,1.011,10,20,63,9
EW,A,142,,HPA,4,4,1.104,10,39,65,5
EW,A,142,,HPLA,4,1,1.213,7,42,64,5
EW,A,142,,HPLA,4,2,1.039,9,29,65,5
EW,A,142,,HPLA,4,3,1.071,10,28,62,6
EW,A,142,,HPLA,4,4,0.885,9,22,59,8
EW,A,149,,CLA,4,1,0.925,11,20,36,8
EW,A,149,,CLA,4,2,0.734,11,13,32,9
EW,A,149,,CLA,4,3,0.901,11,15,35,9
EW,A,149,,CLA,4,4,0.689,10,11,22,30
EW,A,149,,CLA,2,1,0.743,13,7,17,29
EW,A,149,,CLA,2,2,0.977,11,18,20,19
EW,A,351,,CLA,1,1,1.509,6,36,51,8
EW,A,351,,HPLA,1,1,1.027,11,24,40,1
EW,A,299,,CLB,1,1,0.754,13,13,32,11
EW,A,169,,CLA,1,1,1.145,7,3,15,41
EW,A,232,,Untagged,2,1,1.594,7,26,36,2
EW,A,232,,Untagged,2,1,1.749,8,28,43,4
EW,A,299,,HPLA,1,1,1.909,10,45,25,2
EW,A,299,,CLC,4,1,2.321,9,39,36,8
EW,A,299,,CLC,4,2,2.155,9,29,33,4
EW,A,299,,CLC,4,3,1.708,7,32,33,7
MM,E,128,,Untagged,3,1,1.2829,10,19,49,14
MM,E,128,,Untagged,3,2,1.2231,12,17,56,6
MM,E,128,,Untagged,3,3,1.2299,11,14,57,5
MM,E,128,,Untagged,1,4,1.4099,10,34,57,6
MM,E,128,,HPLA,5,1,2.0291,9,37,58,9
MM,E,128,,HPLA,5,2,2.2914,9,37,58,3
MM,E,128,,HPLA,3,3,1.9865,8,31,78,5
MM,E,128,,HPLA,6,4,1.9296,10,45,35,15
MM,E,128,,HPLA,6,5,1.6243,7,31,35,13
MM,E,128,,HPLB,2,1,1.6445,9,37,51,4
MM,E,128,,HPLB,2,2,1.7125,11,45,49,3
MM,E,128,,HPLB,1,3,1.8019,12,45,47,2
MM,E,128,,HPLB,1,4,1.4739,11,19,68,4
MM,E,128,,CLA,3,1,1.8439,11,30,54,4
MM,E,128,,CLA,3,2,1.9876,15,47,41,5
MM,E,128,,CLA,3,3,1.9017,12,33,39,10
MM,E,128,,CLA,6,4,1.5489,11,40,51,8
MM,E,128,,CLA,6,5,1.3642,10,30,41,6
MM,E,128,,CLB,3,1,1.7371,8,31,48,2
MM,E,128,,CLB,3,2,1.6719,7,49,24,6
MM,E,128,,CLB,3,3,1.8273,8,51,24,4
MM,E,128,,CLB,2,4,1.1509,12,17,59,6
MM,E,128,,CLB,2,5,1.4563,10,34,36,0
MM,E,201,,CLA,1,1,1.2672,12,18,51,13
MM,E,201,,CLA,3,2,1.7359,8,27,36,10
MM,E,201,,CLA,3,3,1.5819,10,19,54,3
MM,E,201,,CLA,3,4,1.6263,9,23,38,6
MM,E,201,,CLA,2,5,1.5843,10,24,35,13
MM,E,201,,Untagged,1,1,1.5266,10,10,57,13
MM,E,201,,Untagged,1,2,1.9225,9,24,38,7
MM,E,201,,HPLD,1,1,0.9784,13,14,36,9
MM,E,201,,CLB,3,1,1.2025,11,18,70,9
MM,E,201,,CLB,3,2,1.4151,11,25,34,8
MM,E,201,,CLB,3,3,1.2085,13,17,57,4
MM,E,201,,CLB,1,4,1.5587,10,35,46,3
MM,E,201,,CLB,1,5,1.6318,10,30,62,2
MM,E,201,,CLD,1,1,1.2104,11,8,63,11
MM,E,201,,CLC,1,1,1.0815,12,22,32,10
MM,E,201,,CLC,1,2,0.9324,9,4,57,14
MM,E,201,,CLC,2,3,1.3649,12,19,46,11
MM,E,201,,CLC,2,4,0.4692,6,10,19,5
MM,E,201,,HPLC,5,1,0.7811,10,22,47,2
MM,E,201,,HPLC,5,2,0.9522,9,29,34,5
MM,E,201,,HPLC,5,3,0.8151,12,30,31,9
MM,E,201,,HPLC,5,4,0.7975,11,24,39,10
MM,E,201,,HPLC,5,5,0.6547,11,9,46,8
EW,A,44,,CLA,2,1,1.303,13,31,24,3
EW,A,44,,CLA,2,2,1.324,12,40,39,17
EW,A,44,,CLA,2,1,1.02,10,23,19,9
EW,A,44,,CLA,2,1,2.063,11,39,22,9
EW,A,44,,CLA,1,1,1.854,11,35,39,6
EW,E,328,,Untagged,1,1,2.017,12,38,27,13
EW,E,328,,Untagged,1,1,1.613,12,28,21,12
EW,E,328,,HPA,2,1,1.691,12,42,23,7
EW,E,328,,HPA,2,2,1.58,11,30,16,6
EW,E,328,,HPLA,1,1,1.55,12,33,10,5
EW,E,328,,CLA,1,1,1.247,11,32,19,4
EW,E,328,,CLA,1,1,1.86,14,31,20,9
EW,E,328,,Untagged,1,1,1.621,11,45,23,9
MM,E,201,,HPLA,3,1,2.4607,12,54,31,11
MM,E,201,,HPLA,3,2,2.5197,12,52,33,11
MM,E,201,,HPLA,3,3,1.7783,10,43,34,7
MM,E,201,,HPLA,3,4,1.7511,10,32,51,10
MM,E,201,,HPLA,4,5,1.6986,15,32,33,13
MM,E,201,,HPLB,3,1,1.3313,9,22,50,7
MM,E,201,,HPLB,3,2,1.4959,11,40,43,5
MM,E,201,,HPLB,3,3,1.2431,10,42,39,3
MM,E,201,,HPLB,1,4,1.4204,7,51,48,11
MM,E,201,,HPLB,2,5,0.9138,10,31,39,8
MM,E,195,,HPLA,3,1,1.1037,12,33,33,10
MM,E,195,,HPLA,3,2,1.3366,13,21,57,11
MM,E,195,,HPLA,3,3,1.2855,10,48,16,7
MM,E,195,,HPLB,7,1,0.8012,5,45,50,3
MM,E,195,,HPLB,7,2,0.7548,10,14,63,7
MM,E,195,,HPLB,7,3,0.9351,9,34,61,5
MM,E,195,,HPLB,2,4,0.6727,14,27,55,7
MM,E,195,,HPLB,2,5,0.5607,12,34,45,3
MM,E,195,,CLA,20,1,0.7521,13,44,52,4
MM,E,195,,CLA,20,2,0.7447,11,33,41,3
MM,E,195,,CLA,20,3,0.6611,11,17,59,9
MM,E,195,,CLA,10,4,1.0965,9,49,35,5
MM,E,195,,CLA,10,5,1.1462,12,37,50,13
MM,E,195,,CLB,2,1,1.0476,15,56,16,9
MM,E,195,,CLB,2,2,0.7491,7,25,46,9
MM,E,195,,CLB,3,3,0.9298,11,31,44,8
MM,E,195,,CLB,3,4,1.1588,12,41,33,7
MM,E,195,,CLB,3,5,1.0376,12,27,43,7
MM,E,289,,CLA,8,1,1.5688,14,38,55,11
MM,E,289,,CLA,8,2,1.4357,15,20,54,11
MM,E,289,,CLA,8,3,1.1797,14,37,47,11
MM,E,289,,CLA,1,4,1.5814,11,41,56,8
MM,E,289,,CLA,3,5,0.9673,14,29,61,6
MM,E,289,,CLC,2,1,1.0653,14,30,54,6
EW,E,289,,CLC,2,2,1.1703,11,33,37,10
EW,E,289,,HPLA,3,1,1.7964,9,29,44,3
EW,E,289,,HPLA,4,2,1.6791,9,28,67,11
EW,E,289,,HPLA,2,3,1.4706,9,14,51,3
EW,E,289,,HPLA,2,4,1.2965,10,22,36,4
EW,E,289,,HPLA,10,5,1.8588,10,27,56,6
EW,E,289,,HPLC,1,1,0.6547,4,2,8,17
EW,E,289,,HPLC,1,2,1.2156,7,25,42,8
EW,E,289,,HPLB,5,1,1.5354,10,29,31,12
EW,E,289,,HPLB,5,2,1.4171,12,15,62,13
EW,E,289,,HPLB,4,3,1.2896,9,12,42,11
EW,E,289,,HPLB,4,4,1.1573,15,11,50,13
EW,E,289,,HPLB,1,5,1.2812,7,19,35,9
EW,E,254,,HPB,1,1,0.278,14,5,9,1
EW,E,254,,HPLB,6,1,0.673,9,19,12,7
EW,E,254,,HPLB,6,2,0.855,10,13,28,2
EW,E,254,,HPLB,6,3,0.841,8,10,18,3
EW,E,254,,HPLB,6,4,1.095,10,12,34,4
EW,E,254,,HPLA*,2,1,1.22,10,11,16,4
EW,E,254,,HPLA*,2,2,0.185,7,0,13,0
EW,E,254,,HPLA,1,1,0.678,14,2,21,32
EW,E,254,,CLA,2,1,1.53,12,11,38,8
EW,E,254,,CLA,2,2,1.388,12,14,35,1
EW,E,254,,CLA,1,1,1.425,12,19,37,10
EW,E,254,,CLA,2,1,1.441,9,9,27,11
EW,E,254,,CLA,1,2,2.3,12,29,35,13
EW,E,254,,HPLB,1,1,0.548,17,2,17,5
EW,E,254,,HPLB,4,1,0.767,8,18,22,7
EW,E,254,,HPLB,4,2,1.295,12,23,33,1
EW,E,254,,HPLB,4,3,0.811,9,15,21,7
EW,E,254,,HPLB,4,4,0.844,10,23,20,4
EW,E,254,,HPA,2,1,1.027,10,6,33,15
EW,E,254,,HPA,2,2,1.084,9,21,31,8
MM,E,213,,HPLA,2,2,0.9404,20,41,14,7
MM,E,213,,HPLA,2,1,1.1645,12,38,6,6
MM,E,213,,CLA,2,1,2.1286,17,36,37,8
MM,E,213,,CLA,2,2,1.5392,14,28,51,4
MM,E,213,,CLA,1,3,1.4222,7,32,30,9
MM,E,213,,CLA,2,4,0.8756,9,20,41,10
MM,E,213,,CLA,2,5,1.3004,10,36,42,13
MM,E,254,,HPLA,3,1,1.3468,11,29,32,8
MM,E,254,,HPLA,3,2,1.1357,9,16,51,10
MM,E,254,,HPLA,3,3,1.3345,7,12,46,12
MM,E,254,,HPLA,1,4,1.6335,9,25,50,9
MM,E,254,,HPLA,1,5,1.1226,10,16,40,8
MM,E,254,,HPLB,2,1,1.2429,7,7,41,7
MM,E,254,,HPLB,2,2,1.1141,9,19,54,1
MM,E,254,,HPLB,2,3,0.9662,10,15,47,5
MM,E,254,,HPLB,2,4,1.0231,9,29,35,7
MM,E,215,,HPLD,1,1,0.4411,14,0,3,4
MM,E,215,,HPLD,2,2,0.5611,9,12,59,9
MM,E,215,,HPLD,2,3,0.8916,10,25,33,11
MM,E,215,,HPLD,2,4,1.2733,10,13,82,12
MM,E,215,,HPLD,2,5,1.3944,8,41,46,11
MM,E,290,,HPLA,2,1,1.3637,10,25,59,6
MM,E,290,,HPLA,2,2,1.2278,11,27,50,5
MM,E,290,,HPLA,1,3,1.4303,10,37,59,6
MM,E,290,,HPLA,2,4,1.1943,10,45,48,4
MM,E,290,,HPLA,2,5,1.0375,11,31,47,6
MM,E,290,,HPLB,2,1,0.9086,9,41,53,3
MM,E,290,,HPLB,2,2,1.0206,10,20,57,4
GS,E,398,,CLA,3,1,1.1705,6,8,87,15
GS,E,398,,CLA,3,2,0.9966,11,14,84,8
GS,E,398,,CLA,3,3,1.2542,10,8,82,20
GS,E,398,,HPLA,3,1,1.1053,10,11,67,9
GS,E,398,,HPLA,3,2,1.0964,10,9,64,16
GS,E,398,,HPLA,3,3,1.3313,10,20,40,13
GS,E,398,,HPLA,1,1,1.636,12,41,17,10
GS,E,398,,HPA,1,1,0.986,12,4,46,19
GS,E,398,,HPLA,7,1,1.298,10,19,40,13
EW,E,398,,HPLA,7,2,1.444,12,22,41,4
EW,E,398,,HPLA,7,3,1.819,12,28,28,7
EW,E,398,,HPLA,7,4,1.846,12,40,35,13
EW,E,398,,HPLA,7,5,1.205,11,16,54,8
EW,E,398,,HPLA,2,1,1.287,10,29,28,20
EW,E,398,,HPLA,2,2,1.491,12,26,32,10
EW,E,251,,HPA,1,1,0.308,13,9,18,19
EW,E,251,,CLA,2,1,0.24,23,3,19,12
EW,E,251,,CLA,2,2,0.157,24,2,3,1
EW,E,251,,HPLB,2,1,0.537,17,13,44,11
EW,E,251,,HPLB,2,2,0.461,15,12,60,9
EW,E,251,,CLB,2,1,0.364,23,5,32,14
EW,E,251,,CLB,2,2,0.459,17,7,39,15
EW,E,251,,CLB,1,1,0.32,13,4,14,6
EW,E,251,,CLB,1,1,0.597,10,19,30,7
EW,E,251,,CLB,1,1,0.422,11,16,37,8
EW,E,201,,CLC,1,1,0.949,11,23,32,4
EW,E,251,,HPLA,2,1,0.865,12,31,41,10
EW,E,251,,HPLA,2,2,0.705,9,14,59,9
EW,E,251,,HPLA,2,1,0.137,17,2,13,0
EW,E,251,,HPLA,2,2,0.319,16,8,28,15
EW,E,251,,HPLA,3,1,0.212,13,34,36,0
EW,E,251,,HPLA,3,2,0.882,13,28,32,7
EW,E,251,,HPLA,3,3,0.695,14,13,59,10
EW,E,251,,HPLB,1,1,0.577,18,9,55,8
EW,E,251,,HPA,3,1,0.579,12,10,69,4
EW,E,251,,HPA,3,2,0.361,14,8,51,10
EW,E,251,,HPA,3,3,0.405,13,13,33,2
EW,E,251,,HPA,1,1,0.366,15,8,22,4
JS,E,251,,HPA,2,1,0.45,17,4,32,6
JS,E,251,,HPA,2,2,0.36,9,3,46,6
JS,E,350,,CLB,1,1,0.518,7,17,12,3
JS,E,350,,CLA,1,1,1.163,13,6,52,3
JS,E,350,,CLA,2,1,1.793,10,16,53,2
JS,E,350,,CLA,2,2,2.047,11,25,42,4
JS,E,350,,CLA,1,1,1.717,6,34,54,0
JS,E,350,,CLB,1,1,1.842,8,25,51,5
JS,E,350,,CLB,1,1,1.362,12,17,71,9
JS,E,350,,CLB,2,1,1.806,12,23,48,4
JS,E,350,,CLB,2,2,1.598,11,27,49,3
JS,E,350,,CLB,1,1,2.152,8,30,49,3
JS,E,290,,CLA,1,1,0.149,16,5,12,0
JS,E,290,,CLA,3,1,1.17,12,16,55,1
JS,E,290,,CLA,3,2,0.573,11,9,42,0
JS,E,290,,CLA,3,3,1.098,10,14,45,0
EW,E,290,,CLB,1,1,1.105,11,28,51,7
EW,E,335,,HPLA,1,1,1.296,12,35,53,4
EW,E,335,,HPLB,1,1,1.223,11,12,46,11
EW,E,335,,HPA,2,1,1.451,8,23,49,2
EW,E,335,,HPA,2,2,1.463,8,31,47,11
EW,E,335,,HPA,1,1,1.835,10,42,57,8
EW,E,335,,CLA,2,1,1.509,11,8,67,4
EW,E,335,,CLA,2,2,1.988,9,23,79,7
EW,E,260,,HPLB,1,1,1.747,8,24,31,4
GS,E,383,,HPA,2,1,0.278,17,15,24,7
GS,E,383,,HPA,2,2,0.35,18,18,34,7
GS,E,383,,CLA,1,1,0.258,16,1,18,5
GS,C,9,,HPA,1,1,0.8,21,4,23,8
GS,C,9,,HPC,1,1,0.467,15,7,25,3
GS,E,335,,CLA,1,1,1.218,11,6,72,13
GS,E,207,,CLA,1,1,1.146,15,4,49,18
GS,E,305,,UNTAGGED,1,1,0.298,13,0,6,3
GS,E,285,,HPA,1,1,1.4534,10,27,63,14
GS,E,285,,HPLA,1,1,1.3558,12,15,65,8
GS,E,194,,HPLA,3,1,0.887,11,16,41,4
GS,E,194,,HPLA,3,2,0.846,15,7,55,8
GS,E,194,,HPLA,3,3,1.018,12,21,33,6
GS,E,194,,HPLA,1,1,1.266,9,17,55,8
GS,E,194,,HPLA,1,1,1.279,7,15,49,8
EW,E,396,,CLB,1,1,1.7,7,23,48,11
EW,E,396,,CLB,2,1,1.929,8,21,59,10
EW,E,396,,CLB,2,2,2.24,8,37,40,9
EW,E,396,,CLB,3,1,2.114,8,40,28,12
EW,E,396,,CLB,3,2,2.082,8,25,55,4
EW,E,396,,CLB,3,3,1.859,10,30,33,12
EW,E,396,,CLB,2,1,1.915,11,34,43,10
EW,E,396,,CLB,2,2,0.989,11,22,15,5
EW,E,396,,CLA,1,1,1.572,11,32,29,9
EW,E,396,,HPLA,3,1,1.485,10,40,32,6
EW,E,396,,HPLA,3,2,1.657,12,48,26,10
EW,E,396,,HPLA,3,3,1.324,11,22,36,6
EW,E,396,,HPLA,2,1,1.384,13,20,33,4
EW,E,396,,HPLA,2,2,1.614,13,28,47,10
EW,E,396,,HPLB,1,1,1.552,11,42,21,5
EW,E,396,,HPLA,1,1,1.194,11,28,31,7
EW,E,396,,CLA,2,1,0.657,10,31,35,2
EW,E,396,,CLA,2,2,1.299,10,25,19,6
EW,E,396,,CLA,2,1,1.351,9,20,32,12
EW,E,396,,CLA,2,2,1.075,10,31,22,6
EW,E,396,,CLB,3,1,1.743,10,21,56,2
EW,E,396,,CLB,3,2,1.235,11,19,51,6
EW,E,396,,CLB,3,3,1.893,8,21,22,11
EW,E,396,,CLA,7,1,0.996,14,16,54,5
EW,E,396,,CLA,7,2,1.175,14,31,11,8
EW,E,396,,CLA,7,3,1.132,12,38,42,10
EW,E,396,,CLA,7,4,1.387,9,41,34,16
EW,E,396,,CLA,7,5,1.216,11,31,34,13
EW,E,215,,HPLB,2,1,0.531,16,1,18,9
EW,E,215,,HPLB,2,2,0.393,16,1,11,12
EW,E,215,,HPLA,1,1,0.872,10,9,47,7
EW,E,215,,HPLB,1,1,1.653,10,29,63,14
EW,E,215,,HPB,1,1,0.727,11,3,41,21
EW,E,215,,HPLC,1,1,0.288,16,10,21,0
EW,E,215,,HPLC,1,1,0.844,11,13,75,10
EW,E,215,,CLA,1,1,1.127,13,8,67,14
EW,E,215,,CLB,1,1,0.307,12,0,0,0
EW,E,215,,CLB,2,1,0.493,11,1,8,0
EW,E,215,,CLB,2,2,0.548,13,1,13,20
EW,E,215,,CLB,1,1,0.561,11,21,45,4
GS,E,329,,CLA,2,1,0.4877,11,50,5,5
GS,E,329,,CLA,2,2,0.6251,10,20,26,5
GS,E,329,,HPA,2,1,0.4136,15,14,47,9
GS,E,329,,HPA,2,2,0.5175,11,24,41,10
GS,E,329,,HPLA,3,1,0.6274,10,9,41,18
GS,E,329,,HPLA,3,2,0.7103,11,11,46,8
GS,E,329,,HPLA,3,3,0.6175,13,9,49,9
EW,E,122,,CLA,1,1,1.089,8,17,34,9
EW,E,122,,CLA,1,1,1.306,7,17,47,5
EW,E,122,,CLB,1,1,1.831,8,25,40,6
EW,E,122,,CLB,1,1,1.761,11,25,48,13
EW,E,122,,CLC,1,1,1.994,10,41,57,4
EW,E,122,,CLC,1,1,1.612,9,26,73,7
EW,E,122,,HPLA,1,1,0.941,17,6,25,8
EW,E,122,,HPA,1,1,1.349,16,23,34,3
EW,E,122,,HPA,1,1,1.41,11,22,34,1
EW,E,122,,HPLA,1,1,1.183,13,30,12,3
EW,E,329,,HPLA,3,1,0.572,10,23,23,12
EW,E,329,,HPLA,3,2,0.418,9,6,19,0
EW,E,329,,HPLA,3,3,0.609,11,25,47,7
EW,E,329,,CLA,2,1,0.736,16,23,20,0
EW,E,329,,CLA,2,2,0.421,13,14,29,4
EW,E,329,,CLA,10,1,0.599,12,23,28,4
EW,E,329,,CLA,10,2,0.689,8,36,9,0
EW,E,329,,CLA,10,3,0.619,11,42,7,10
EW,E,329,,CLA,10,4,0.41,11,12,24,18
EW,E,329,,CLA,10,5,0.621,8,17,19,6
EW,E,329,,HPLA,1,1,0.518,13,18,29,0
EW,E,305,,UNTAGGED,4,1,1.8,12,9,37,1
EW,E,305,,UNTAGGED,4,2,0.977,9,19,38,3
EW,E,305,,UNTAGGED,4,3,1.074,8,16,26,7
EW,E,305,,UNTAGGED,4,4,1.657,5,41,12,4
EW,E,329,,CLA,3,1,0.749,11,12,20,1
EW,E,329,,CLA,3,2,0.504,10,25,23,4
EW,E,329,,CLA,3,3,0.382,10,12,16,0
EW,E,246,,CLA,1,1,1.213,9,19,33,6
EW,E,380,,UNTAGGED,2,1,1.272,10,36,6,2
EW,E,380,,UNTAGGED,2,2,2.306,8,58,15,2
EW,E,328,,HPLA,1,1,1.399,13,24,24,3
EW,E,337,,UNTAGGED,2,1,1.849,9,37,29,31
EW,E,337,,UNTAGGED,2,2,1.914,10,30,53,8
EW,E,330,,HPA,1,1,1.442,8,9,44,14
EW,E,330,,HPLA,1,1,1.693,7,10,70,3
EW,E,230,,HPLA,1,1,1.501,9,14,52,6
EW,E,397,,UNTAGGED,4,1,1.352,7,16,58,16
EW,E,397,,UNTAGGED,4,2,1.733,11,27,24,5
EW,E,397,,UNTAGGED,4,3,1.635,11,24,33,11
EW,E,397,,UNTAGGED,4,4,1.356,9,32,39,3
EW,E,397,,UNTAGGED,2,1,1.091,11,10,42,9
EW,E,397,,UNTAGGED,2,2,1.414,8,20,45,4
EW,E,346,,CLA,1,1,1.345,9,15,41,3
EW,E,348,,CLA,1,1,0.586,8,36,29,4
EW,E,348,,CLA,1,1,1.317,9,34,45,6
EW,E,348,,CLA,1,1,1.002,7,39,32,4
EW,E,346,,CLB,1,1,1.512,9,18,48,8
EW,E,346,,HPLA,2,1,1.457,10,31,22,7
EW,E,346,,HPLA,2,2,1.246,11,19,29,3
EW,E,348,,HPLA,1,1,0.959,7,21,42,6
EW,E,348,,HPLA,2,1,1.202,9,16,53,9
EW,E,348,,HPLA,2,2,1.322,10,14,40,13
EW,E,348,,UNTAGGED,1,1,1.429,10,40,37,25
EW,E,194,,HPLA,2,1,1.205,12,22,43,5
EW,E,194,,HPLA,2,2,0.989,10,18,50,2
EW,E,194,,CLA,1,1,0.734,11,3,60,7
EW,E,329,,CLA,4,1,0.436,10,10,31,11
EW,E,329,,CLA,4,2,0.557,11,30,22,11
EW,E,329,,CLA,4,3,0.327,8,18,22,11
EW,E,329,,CLA,2,1,0.479,12,9,29,10
EW,E,329,,CLA,2,2,0.387,13,6,25,10
EW,E,394,,HPA,1,1,1.971,10,56,19,6
EW,E,394,,HPLA,1,1,2.22,9,40,34,5
EW,E,394,,HPLA,2,1,1.799,12,32,35,4
EW,E,394,,HPLA,2,2,1.613,13,23,38,5
EW,C,9,,HPLB,2,1,0.701,9,9,15,2
EW,C,9,,HPLB,2,2,0.326,9,12,17,1
EW,C,9,,HPA,1,1,0.628,16,17,23,0
EW,C,9,,CLC,1,1,1.373,12,35,26,5
EW,C,9,,CLC,2,1,1.103,15,19,15,2
EW,C,9,,CLC,2,2,1.23,14,23,30,3
EW,C,9,,CLC,1,1,1.158,12,17,22,2
EW,C,9,,HPLB,1,1,2.596,11,50,19,2
EW,C,9,,HPLB,1,1,1.831,12,48,13,3
EW,C,9,,HPB,1,1,0.943,13,11,35,3
EW,C,9,,HPLA,3,1,0.684,14,14,41,4
EW,C,9,,HPLA,3,2,0.923,14,20,34,0
EW,C,9,,HPLA,3,3,0.874,14,24,37,3
EW,C,9,,HPLC,1,1,0.742,13,8,31,7
EW,C,23,,HPLA,1,1,0.369,11,0,0,29
EW,C,23,,HPA,3,1,0.435,14,1,1,39
EW,C,23,,HPA,3,2,0.338,11,0,0,46
EW,C,23,,HPA,3,3,0.434,20,0,1,23
EW,C,23,,HPLA,1,1,0.317,13,0,1,45
EW,C,26,,HPLA,1,1,1.156,13,50,21,5
EW,C,26,,HPLA,1,1,0.512,11,12,45,5
EW,C,26,,HPLA,1,1,1.481,11,50,26,12
EW,C,26,,HPLA,1,1,1.146,13,57,8,12
EW,C,26,,HPA,1,1,1.016,11,41,23,5
EW,C,28,,HPLA,1,1,1.917,12,77,5,6
EW,C,28,,HPLA,1,1,1.846,4,71,23,4
EW,C,90,,UNTAGGED,2,1,1.743,10,8,34,15
EW,C,90,,UNTAGGED,2,2,1.021,7,3,37,5
EW,C,90,,UNTAGGED,1,1,0.605,8,2,7,8
EW,C,370,,CLA,1,1,0.682,9,2,51,2
EW,C,370,,CLA,1,1,1.649,10,23,56,3
EW,C,370,,HPLA,1,1,1.436,11,29,44,1
EW,A,105,,CLA,5,1,0.92,14,17,36,3
EW,A,105,,CLA,5,2,1.304,11,25,41,5
EW,A,105,,CLA,5,3,1.329,11,33,34,4
EW,A,105,,CLA,5,4,1.299,12,21,42,6
EW,A,105,,CLA,5,5,1.192,13,16,48,4
EW,A,105,,CLA,2,1,1.237,14,14,47,7
EW,A,105,,CLA,2,2,1.147,13,13,62,12
EW,A,105,,HPLB,1,1,1.987,11,47,21,7
EW,A,105,,HPLA,2,1,2.046,11,28,44,7
EW,A,105,,HPLA,2,2,2.022,10,26,46,8
EW,A,105,,HPA,2,1,1.698,9,67,7,7
EW,A,105,,HPA,2,2,1.466,12,19,48,12
EW,A,105,,HPA,4,1,1.867,11,29,43,18
EW,A,105,,HPA,4,2,2.262,10,39,38,7
EW,A,105,,HPA,4,3,2.523,13,33,41,6
EW,A,105,,HPA,4,4,1.744,14,38,46,14
EW,A,105,,HPB,1,1,1.242,12,16,46,6
EW,A,105,,HPB,1,1,1.324,13,24,46,7
EW,A,105,,HPLA,5,1,1.855,20,24,46,11
EW,A,105,,HPLA,5,2,1.862,13,27,51,7
EW,A,105,,HPLA,5,3,1.672,15,23,43,12
EW,A,105,,HPLA,5,4,1.554,10,12,52,4
EW,A,105,,HPLA,5,5,1.691,9,16,34,4
EW,A,105,,HPLA,3,1,1.567,11,17,57,8
EW,A,105,,HPLA,3,2,1.603,10,18,52,9
EW,A,105,,HPLA,3,3,1.695,12,17,54,9
EW,A,105,,HPLA,5,1,1.63,11,25,48,12
EW,A,105,,HPLA,5,2,1.637,11,24,40,12
EW,A,105,,HPLA,5,3,1.594,11,29,36,12
EW,A,105,,HPLA,5,4,1.276,10,41,21,3
EW,A,105,,HPLA,5,5,1.842,14,35,43,10
EW,A,105,,HPLB,1,1,2.272,12,5,37,12
EW,A,105,,HPLB,1,1,0.982,13,39,24,3
EW,A,105,,HPLB,1,1,1.867,11,29,48,4
EW,A,105,,CLA,2,1,1.336,13,32,50,5
EW,A,105,,CLA,2,2,1.337,12,14,62,7
EW,A,105,,CLA,3,1,1.132,12,20,26,10
EW,A,105,,CLA,3,2,1.013,11,25,42,1
EW,A,105,,CLA,3,3,1.391,11,27,48,5
EW,A,105,,CLA,3,1,1.723,15,28,53,2
EW,A,105,,CLA,3,2,1.073,11,32,29,6
EW,A,105,,CLA,3,3,1.763,10,27,55,4
EW,A,105,,CLA,3,1,1.478,11,34,40,4
EW,A,105,,CLA,3,2,1.292,10,22,43,6
EW,A,105,,CLA,3,3,1.458,11,34,40,10
EW,A,105,,CLB,2,1,1.173,11,12,54,6
EW,A,105,,CLB,2,2,1.361,11,21,50,8
EW,A,105,,CLB,1,1,1.14,12,15,40,6
EW,A,298,,CLA,1,1,0.597,13,6,44,6
EW,A,298,,CLA,1,1,1.039,13,13,55,3
EW,A,298,,CLA,3,1,0.914,12,5,39,9
EW,A,298,,CLA,3,2,1.318,11,16,48,8
EW,A,298,,CLA,3,3,1.083,14,4,52,5
EW,A,298,,CLA,1,1,1.027,11,26,47,4
EW,A,298,,CLA,2,1,0.915,13,5,42,7
EW,A,298,,CLA,2,2,0.945,12,5,49,10
EW,A,298,,CLB,1,1,1.429,11,15,50,6
EW,A,298,,CLB,2,1,1.175,12,13,47,9
EW,A,298,,CLB,,2,1.224,12,13,59,2
EW,A,298,,CLC,1,1,1.323,11,11,41,5
EW,A,298,,HPLA,5,1,1.053,11,13,43,2
EW,A,298,,HPLA,5,2,1.224,12,9,52,2
EW,A,298,,HPLA,5,3,1.281,12,13,65,2
EW,A,298,,HPLA,5,4,0.999,12,5,61,8
EW,A,298,,HPLA,5,5,1.177,12,10,50,7
EW,A,298,,HPLA,3,1,1.323,12,16,50,4
EW,A,298,,HPLA,3,2,1.239,12,12,49,7
EW,A,298,,HPLA,3,3,1.296,12,17,53,8
EW,A,298,,HPLA,1,1,1.217,10,14,54,0
EW,A,298,,HPLA,1,1,1.466,11,16,57,1
EW,A,298,,HPLB,1,1,1.054,11,9,38,4
EW,A,298,,HPLB,1,1,0.999,12,12,52,7
EW,A,298,,HPLB,3,1,1.666,12,30,54,4
EW,A,298,,HPLB,3,2,1.256,10,19,62,5
EW,A,298,,HPLB,3,3,1.449,12,18,58,5
EW,A,298,,HPLB,1,1,1.342,10,32,43,4
EW,A,298,,HPLC,1,1,1.366,15,51,24,10
EW,A,298,,HPLC,1,1,1.611,13,23,72,3
EW,A,298,,CLA,1,1,0.498,12,1,26,0
EW,,335,,HPLB,2,1,1.433,12,10,64,5
EW,,335,,HPLB,2,1,1.379,13,26,54,4
EW,A,218,,CLA,1,1,0.867,10,5,40,11
EW,A,218,,CLA,1,1,1.337,12,8,58,8
EW,A,218,,CLA,2,1,1.542,12,23,59,7
EW,A,218,,CLA,2,2,1.466,15,7,57,8
EW,A,218,,HPLA,1,1,1.407,12,15,48,12
EW,A,218,,HPLA,3,1,1.266,12,25,45,9
EW,A,218,,HPLA,3,2,1.532,13,42,30,7
EW,A,218,,HPLA,3,3,1.818,15,43,22,8
EW,A,218,,CLA,1,1,1.114,16,17,49,8
EW,A,218,,HPLA,2,1,1.669,10,22,60,13
EW,A,218,,HPLA,2,2,1.62,12,72,15,3
EW,A,218,,CLA,4,1,0.82,13,2,20,24
EW,A,218,,CLA,4,2,1.203,12,5,50,20
EW,A,218,,CLA,4,3,1.28,11,7,49,2
EW,A,218,,CLA,4,4,0.758,10,1,43,10
EW,A,218,,CLA,2,1,1.131,17,6,52,16
EW,A,218,,CLA,2,2,1.272,16,2,46,30
EW,A,230,,CLB,2,1,0.432,14,5,25,3
EW,A,230,,CLB,2,2,0.523,13,0,1,1
EW,A,230,,CLA,3,1,0.587,16,7,39,4
EW,A,230,,CLA,3,2,0.562,11,8,28,3
EW,A,230,,CLA,3,3,0.835,19,5,51,1
EW,A,109,,UNTAGGED,1,1,1.132,13,17,44,4
EW,A,109,,HPB,1,1,2.218,13,21,59,6
EW,A,109,,HPLB,1,1,2.385,11,21,41,15
EW,A,109,,CLB,2,1,1.67,12,25,48,7
EW,A,109,,CLB,2,2,1.735,12,19,52,3
EW,A,109,,CLA,3,1,1.734,12,31,41,4
EW,A,109,,CLA,3,2,2.285,15,33,29,5
EW,A,109,,CLA,3,3,1.868,12,21,43,11
EW,A,109,,HPLA,1,1,1.278,10,17,44,1
EW,A,109,,CLA,2,1,2.105,12,24,52,3
EW,A,109,,CLA,2,2,1.231,11,15,48,3
EW,A,109,,CLA,2,1,1.502,12,15,44,7
EW,A,109,,CLA,2,2,1.155,12,17,50,5
EW,A,85,,CLA,1,1,1.476,11,9,59,2
EW,A,85,,HPLA,1,1,1.543,11,33,38,5
EW,A,85,,HPB,1,1,2.995,11,41,37,11
EW,A,85,,HPLC,1,1,2.053,11,29,37,3
EW,A,85,,CLA,1,1,0.854,13,7,25,6
EW,A,85,,CLA,1,1,2.261,14,28,43,4
EW,A,85,,CLB,1,1,1.176,13,15,60,4
GS,A,230,,HPLB,1,1,0.9834,14,13,71,6
GS,A,230,,CLA,2,1,1.3147,14,18,88,9
GS,A,230,,CLA,2,2,0.7334,13,1,23,2
GS,A,230,,CLC,1,1,0.9052,15,9,62,4
GS,A,230,,HPLB,1,1,1.1044,14,27,59,2
GS,A,230,,CLA,2,1,0.559,15,4,54,4
GS,A,230,,CLA,2,2,0.7273,13,4,65,3
GS,A,351,,HPLA,1,1,0.8671,9,15,49,10
GS,A,230,,HPLA,1,1,1.1765,11,29,36,5
GS,A,230,,HPLB,1,1,0.4119,18,9,57,1
GS,A,230,,CLA,3,1,1.7656,10,33,58,5
GS,A,230,,CLA,3,2,1.8633,11,24,51,2
GS,A,230,,CLA,3,3,1.7907,10,35,61,10
GS,A,230,,CLA,2,1,0.5119,10,12,47,8
GS,A,230,,CLA,2,2,1.326,12,24,38,5
GS,A,230,,CLA,4,1,1.2282,13,18,72,5
GS,A,230,,CLA,4,2,1.7884,12,50,27,10
GS,A,230,,CLA,4,3,1.8729,13,25,76,11
GS,A,230,,CLA,4,4,1.2109,16,19,58,6
GS,A,230,,CLA,2,1,1.2803,11,25,60,6
GS,A,230,,CLA,2,2,1.207,9,22,64,2
GS,A,230,,CLB,4,1,1.6552,11,28,45,2
GS,A,230,,CLB,4,2,1.4708,9,27,50,4
GS,A,230,,CLB,4,3,1.738,15,33,47,14
GS,A,230,,CLB,4,4,1.6719,14,25,58,4
GS,A,230,,CLB,1,1,1.2645,11,25,60,3
GS,A,230,,HPLA,1,1,1.3079,15,26,62,5
GS,A,230,,HPLA,1,1,1.4844,11,41,40,1
GS,A,230,,HPLA,1,1,1.7673,10,52,40,7
GS,A,230,,HPLB,2,1,1.8782,14,35,66,1
GS,A,230,,HPLB,2,2,1.8912,12,42,41,3
GS,A,230,,HPLC,2,1,0.9743,13,27,44,6
GS,A,230,,HPLC,2,2,1.3304,11,37,39,5
GS,A,230,,HPLC,1,1,1.2348,10,25,58,8
GS,A,230,,HPLC,1,1,1.3065,11,22,53,3
GS,A,299,,HPLB,1,1,1.9095,12,36,52,10
GS,A,299,,HPLB,3,1,2.0889,14,52,36,10
GS,A,299,,HPLB,3,2,1.9269,13,28,42,6
GS,A,299,,HPLB,3,3,2.2943,10,53,44,6
GS,A,299,,HPLB,1,1,1.9646,10,24,47,12
GS,A,299,,CLB,1,1,1.7216,13,53,20,9
GS,A,299,,CLB,1,1,1.9415,13,39,38,7
GS,A,299,,CLB,2,1,1.1938,10,26,38,8
GS,A,299,,CLB,2,2,1.1911,9,25,30,9
GS,A,299,,CLC,5,1,1.4259,19,8,58,19
GS,A,299,,CLC,5,2,1.7593,16,23,58,11
GS,A,355,,UNTAGGED,1,1,0.8287,11,26,36,18
GS,A,355,,UNTAGGED,1,1,0.9229,10,26,41,18
GS,A,148,,CLA,5,1,0.8196,13,43,29,5
GS,A,148,,CLA,5,2,0.4468,13,6,39,20
GS,A,148,,CLA,5,3,0.852,12,28,60,4
GS,A,148,,CLA,5,4,0.8519,13,19,53,5
GS,A,148,,CLA,5,5,1.6423,11,15,69,7
GS,A,148,,CLB,1,1,0.5667,11,15,45,11
GS,A,148,,CLB,1,1,0.849,12,18,47,6
GS,A,148,,CLB,1,1,1.8462,14,46,51,6
GS,D,5,,NA,1,1,1.2872,16,19,41,5
GS,D,5,,NA,1,1,0.8907,12,7,34,4
GS,D,103,,NA,2,1,0.3849,16,1,16,41
GS,D,103,,NA,2,2,0.4924,15,4,33,33
GS,D,103,,NA,1,1,0.7973,15,7,48,27
GS,D,363,,NA,2,1,1.122,20,5,44,25
GS,D,363,,NA,2,2,0.5804,21,5,33,24
GS,D,363,,NA,2,1,0.9355,16,12,38,9
GS,D,363,,NA,2,2,1.1092,11,29,47,6
GS,D,363,,NA,1,1,1.2347,10,23,63,12
GS,D,20,,NA,1,1,1.8466,15,23,38,15
GS,D,20,,NA,1,1,1.5538,14,8,49,20
GS,D,119,,NA,1,1,0.9484,9,10,76,33
GS,D,119,,NA,1,1,0.9562,9,7,56,45
GS,A,148,,HPLA,1,1,0.5345,10,19,72,3
GS,A,148,,HPLB,2,1,0.7231,12,14,52,12
GS,A,148,,HPLB,2,2,0.7673,14,25,49,17
GS,A,148,,HPLB,1,1,0.8967,11,26,41,6
GS,A,148,,HPLB,1,1,0.685,10,23,40,12
GS,A,81,,CLA,1,1,1.7489,16,26,59,20
GS,A,81,,CLA,1,1,1.8853,15,21,61,9
GS,A,81,,CLA,1,1,1.1778,19,5,47,21
GS,D,283,,NA,1,1,0.3695,16,0,1,3
GS,D,94,,NA,1,1,0.9047,19,6,25,16
